{
  "BarcodeValue": "9789671463581",
  "FontSize": 4.0,
  "DPI": 300,
  "SizeX": 50.0,
  "SizeY": 25.0,
  "Unit": "mm",
  "SilentZones": true,
  "SilentZonesWidth": 3.0,
  "AntiAlias": true,
  "TextOnTopFontSize": 2.0,
  "BorderWidth": 0.3,
  "BarcodeType": "ISBN",
  "Padding": {
    "Left": 0.0,
    "Right": 0.0,
    "Top": 0.0,
    "Bottom": 0.0,
    "All": 0.0
  },
  "PaddingUnit": "Percent",
  "Border": {
    "Width": 0.3,
    "DashStyle": "Solid",
    "ColorHtml": "#DBDBDB"
  },
  "ShowBorder": false,
  "ShowText": true,
  "CalculateCheckDigit": false,
  "SelectedGenerationProcess": "Default",
  "AdditionalTexts": [],
  "BackgroundTransparent": true,
  "PixelX": 591,
  "PixelY": 295,
  "FixedSize": true,
  "BarWidth": 0.60,
  "HeightCssCode": "25.0mm"
}